{
    "gender": {
        "accuracy": 0.8309859154929577,
        "f1": 0.8304477611940299
    },
    "age": {
        "accuracy": 0.7887323943661971,
        "f1": 0.7494284462602379
    },
    "extroverted": {
        "mse": 0.12365684444677151
    },
    "stable": {
        "mse": 0.18683333326981846
    },
    "agreeable": {
        "mse": 0.1359474780502725
    },
    "conscientious": {
        "mse": 0.11283023760451377
    },
    "open": {
        "mse": 0.11655504864875048
    }
}
