{
    "age": {
        "accuracy": 0.7887323943661971,
        "f1": 0.7494284462602379
    },
    "gender": {
        "accuracy": 0.8309859154929577,
        "f1": 0.8304477611940299
    },
    "extroverted": {
        "mse": 0.12365149441201909
    },
    "stable": {
        "mse": 0.18683453413733456
    },
    "agreeable": {
        "mse": 0.13594809099674215
    },
    "conscientious": {
        "mse": 0.11283285986785654
    },
    "open": {
        "mse": 0.11655631234264488
    }
}
