{
	"gender": {
		"accuracy": 0.6408450704225352,
		"f1": 0.6328144805556963
	},
	"age": {
		"accuracy": 0.528169014084507,
		"f1": 0.35866606170598914
	}
}
