{
	"gender": {
		"accuracy": 0.903816227695403,
		"f1": 0.5847076617414147
	},
	"fame": {
		"accuracy": 0.7552848111585245,
		"f1": 0.4800976609281289
	},
	"occupation": {
		"accuracy": 0.7306396978467134,
		"f1": 0.42687627580958875
	},
	"age": {
		"accuracy": 0.5967526327742701,
		"f1": 0.42594415962883394
	}
}
