{
	"gender": {
		"accuracy": 0.903816227695403,
		"f1": 0.5842076617414147
	},
	"fame": {
		"accuracy": 0.7552848111585245,
		"f1": 0.4800976609281289
	},
	"occupation": {
		"accuracy": 0.7306396978467134,
		"f1": 0.42687627580958875
	},
	"birthyear": {
		"accuracy": 0.432990404186505,
		"f1": 0.3077717996832613
	}
}
