{
	"gender": {
		"accuracy": 0.903816227695403,
		"f1": 0.90155573796346
	},
	"fame": {
		"accuracy": 0.7552848111585246,
		"f1": 0.7346527759428802
	},
	"occupation": {
		"accuracy": 0.7306396978467134,
		"f1": 0.7187109022083055
	},
	"age": {
		"accuracy": 0.6456692588906378,
		"f1": 0.63938864960046
	}
}
