{
	"gender": {
		"accuracy": 0.903816227695403,
		"f1": 0.7418781820822342
	},
	"fame": {
		"accuracy": 0.7552848111585246,
		"f1": 0.6022292156833173
	},
	"occupation": {
		"accuracy": 0.7306396978467134,
		"f1": 0.5735652927975697
	},
	"birthyear": {
		"accuracy": 0.43299040418650504,
		"f1": 0
	}
}
