{
	"gender": {
		"accuracy": 0.903816227695403,
		"f1": 0.90155573796396
	},
	"fame": {
		"accuracy": 0.7552848111585245,
		"f1": 0.7346527759423802
	},
	"occupation": {
		"accuracy": 0.7306396978467134,
		"f1": 0.7187104027080529
	},
	"age": {
		"accuracy": 0.5967526327742701,
		"f1": 0.5902947877181484
	}
}
